id;abbreviation;short_name;long_name;description;kortnamn;korvaava_koodi;langt_namn;maakunta;sairaanhoitopiiri
# https://yhteistyotilat.fi/wiki08/display/THLKA/THL:n+avoimen+datan+lisenssi+ja+vastuuvapauslauseke
000;Tunnistamaton;Tunnistamaton;000 Tunnistamaton;Käytetään tilanteissa, jossa VRK on muuttanut kuntakoodin 000:ksi. Kun henkilöllä on turvakielto tai henkilö on kuollut niin VRK muuttaa kuntakoodiksi 000. Kanta-palvelussa potilasasiakirjan kuvailutiedoissa on kunta-tieto pakollinen, joten hyväksytään luokituksessa myös kuntakoodi 000.;Oigenkännlig;;000 Oigenkännlig;;
004;Alahärmä;Alahärmä;004 Alahärmä;;Alahärmä;233;004 Alahärmä;;
005;Alajärvi;Alajärvi;005 Alajärvi;;Alajärvi;;005 Alajärvi;14;15
006;Alastaro;Alastaro;006 Alastaro;;Alastaro;430;006 Alastaro;;
009;Alavieska;Alavieska;009 Alavieska;;Alavieska;;009 Alavieska;17;18
010;Alavus;Alavus;010 Alavus;;Alavus;;010 Alavus;14;15
014;Anttola;Anttola;014 Anttola;;Anttola;491;014 Anttola;;
015;Artjärvi;Artjärvi;015 Artjärvi;;Artsjö;560;015 Artsjö;;
016;Asikkala;Asikkala;016 Asikkala;;Asikkala;;016 Asikkala;07;07
017;Askainen;Askainen;017 Askainen;;Villnäs;481;017 Villnäs;;
018;Askola;Askola;018 Askola;;Askola;;018 Askola;01;25
019;Aura;Aura;019 Aura;;Aura;;019 Aura;02;03
020;Akaa;Akaa;020 Akaa;;Akaa;;020 Akaa;06;06
035;Brändö;Brändö;035 Brändö;;Brändö;;035 Brändö;21;22
040;Dragsfjärd;Dragsfjärd;040 Dragsfjärd;;Dragsfjärd;322;040 Dragsfjärd;;
043;Eckerö;Eckerö;043 Eckerö;;Eckerö;;043 Eckerö;21;22
044;Elimäki;Elimäki;044 Elimäki;;Elimäki;286;044 Elimäki;;
045;Eno;Eno;045 Eno;;Eno;167;045 Eno;;
046;Enonkoski;Enonkoski;046 Enonkoski;;Enonkoski;;046 Enonkoski;10;11
047;Enontekiö;Enontekiö;047 Enontekiö;;Enontekis;;047 Enontekis;19;21
049;Espoo;Espoo;049 Espoo;;Esbo;;049 Esbo;01;25
050;Eura;Eura;050 Eura;;Eura;;050 Eura;04;04
051;Eurajoki;Eurajoki;051 Eurajoki;;Euraåminne;;051 Euraåminne;04;04
052;Evijärvi;Evijärvi;052 Evijärvi;;Evijärvi;;052 Evijärvi;14;15
060;Finström;Finström;060 Finström;;Finström;;060 Finström;21;22
061;Forssa;Forssa;061 Forssa;;Forssa;;061 Forssa;05;05
062;Föglö;Föglö;062 Föglö;;Föglö;;062 Föglö;21;22
065;Geta;Geta;065 Geta;;Geta;;065 Geta;21;22
069;Haapajärvi;Haapajärvi;069 Haapajärvi;;Haapajärvi;;069 Haapajärvi;17;18
071;Haapavesi;Haapavesi;071 Haapavesi;;Haapavesi;;071 Haapavesi;17;18
072;Hailuoto;Hailuoto;072 Hailuoto;;Karlö;;072 Karlö;17;18
073;Halikko;Halikko;073 Halikko;;Halikko;734;073 Halikko;;
074;Halsua;Halsua;074 Halsua;;Halsua;;074 Halsua;16;17
075;Hamina;Hamina;075 Hamina;;Fredrikshamn;;075 Fredrikshamn;08;08
076;Hammarland;Hammarland;076 Hammarland;;Hammarland;;076 Hammarland;21;22
077;Hankasalmi;Hankasalmi;077 Hankasalmi;;Hankasalmi;;077 Hankasalmi;13;14
078;Hanko;Hanko;078 Hanko;;Hangö;;078 Hangö;01;25
079;Harjavalta;Harjavalta;079 Harjavalta;;Harjavalta;;079 Harjavalta;04;04
081;Hartola;Hartola;081 Hartola;;Hartola;;081 Hartola;07;07
082;Hattula;Hattula;082 Hattula;;Hattula;;082 Hattula;05;05
083;Hauho;Hauho;083 Hauho;;Hauho;109;083 Hauho;;
084;Haukipudas;Haukipudas;084 Haukipudas;;Haukipudas;564;084 Haukipudas;;
085;Haukivuori;Haukivuori;085 Haukivuori;;Haukivuori;491;085 Haukivuori;;
086;Hausjärvi;Hausjärvi;086 Hausjärvi;;Hausjärvi;;086 Hausjärvi;05;05
088;Heinola;Heinola;088 Heinola;;Heinola;111;088 Heinola;;
089;Heinolan mlk;Heinolan mlk;089 Heinolan mlk;;Heinola lk;111;089 Heinola lk;;
090;Heinävesi;Heinävesi;090 Heinävesi;;Heinävesi;;090 Heinävesi;10;12
091;Helsinki;Helsinki;091 Helsinki;;Helsingfors;;091 Helsingfors;01;25
092;Vantaa;Vantaa;092 Vantaa;;Vanda;;092 Vanda;01;25
095;Himanka;Himanka;095 Himanka;;Himanka;208;095 Himanka;;
097;Hirvensalmi;Hirvensalmi;097 Hirvensalmi;;Hirvensalmi;;097 Hirvensalmi;10;10
098;Hollola;Hollola;098 Hollola;;Hollola;;098 Hollola;07;07
099;Honkajoki;Honkajoki;099 Honkajoki;;Honkajoki;;099 Honkajoki;04;04
101;Houtskari;Houtskari;101 Houtskari;;Houtskär;445;101 Houtskär;;
102;Huittinen;Huittinen;102 Huittinen;;Huittinen;;102 Huittinen;04;04
103;Humppila;Humppila;103 Humppila;;Humppila;;103 Humppila;05;05
105;Hyrynsalmi;Hyrynsalmi;105 Hyrynsalmi;;Hyrynsalmi;;105 Hyrynsalmi;18;19
106;Hyvinkää;Hyvinkää;106 Hyvinkää;;Hyvinge;;106 Hyvinge;01;25
108;Hämeenkyrö;Hämeenkyrö;108 Hämeenkyrö;;Tavastkyro;;108 Tavastkyro;06;06
109;Hämeenlinna;Hämeenlinna;109 Hämeenlinna;;Tavastehus;;109 Tavastehus;05;05
111;Heinola;Heinola;111 Heinola;;Heinola;;111 Heinola;07;07
139;Ii;Ii;139 Ii;;Ii;;139 Ii;17;18
140;Iisalmi;Iisalmi;140 Iisalmi;;Idensalmi;;140 Idensalmi;11;13
142;Iitti;Iitti;142 Iitti;;Iitti;;142 Iitti;08;07
143;Ikaalinen;Ikaalinen;143 Ikaalinen;;Ikalis;;143 Ikalis;06;06
145;Ilmajoki;Ilmajoki;145 Ilmajoki;;Ilmajoki;;145 Ilmajoki;14;15
146;Ilomantsi;Ilomantsi;146 Ilomantsi;;Ilomants;;146 Ilomants;12;12
148;Inari;Inari;148 Inari;;Enare;;148 Enare;19;21
149;Inkoo;Inkoo;149 Inkoo;;Ingå;;149 Ingå;01;25
150;Iniö;Iniö;150 Iniö;;Iniö;445;150 Iniö;;
151;Isojoki;Isojoki;151 Isojoki;;Storå;;151 Storå;14;15
152;Isokyrö;Isokyrö;152 Isokyrö;;Storkyro;;152 Storkyro;15;15
153;Imatra;Imatra;153 Imatra;;Imatra;;153 Imatra;09;09
163;Jaala;Jaala;163 Jaala;;Jaala;286;163 Jaala;;
164;Jalasjärvi;Jalasjärvi;164 Jalasjärvi;;Jalasjärvi;301;164 Jalasjärvi;;
165;Janakkala;Janakkala;165 Janakkala;;Janakkala;;165 Janakkala;05;05
167;Joensuu;Joensuu;167 Joensuu;;Joensuu;;167 Joensuu;12;12
169;Jokioinen;Jokioinen;169 Jokioinen;;Jockis;;169 Jockis;05;05
170;Jomala;Jomala;170 Jomala;;Jomala;;170 Jomala;21;22
171;Joroinen;Joroinen;171 Joroinen;;Jorois;;171 Jorois;10;10
172;Joutsa;Joutsa;172 Joutsa;;Joutsa;;172 Joutsa;13;14
173;Joutseno;Joutseno;173 Joutseno;;Joutseno;405;173 Joutseno;;
174;Juankoski;Juankoski;174 Juankoski;;Juankoski;297;174 Juankoski;;
175;Jurva;Jurva;175 Jurva;;Jurva;301;175 Jurva;;
176;Juuka;Juuka;176 Juuka;;Juuka;;176 Juuka;12;12
177;Juupajoki;Juupajoki;177 Juupajoki;;Juupajoki;;177 Juupajoki;06;06
178;Juva;Juva;178 Juva;;Juva;;178 Juva;10;10
179;Jyväskylä;Jyväskylä;179 Jyväskylä;;Jyväskylä;;179 Jyväskylä;13;14
180;Jyväskylän mlk;Jyväskylän mlk;180 Jyväskylän mlk;;Jyväskylä lk;179;180 Jyväskylä lk;;
181;Jämijärvi;Jämijärvi;181 Jämijärvi;;Jämijärvi;;181 Jämijärvi;04;04
182;Jämsä;Jämsä;182 Jämsä;;Jämsä;;182 Jämsä;13;06
183;Jämsänkoski;Jämsänkoski;183 Jämsänkoski;;Jämsänkoski;182;183 Jämsänkoski;;
184;Jäppilä;Jäppilä;184 Jäppilä;;Jäppilä;640;184 Jäppilä;;
186;Järvenpää;Järvenpää;186 Järvenpää;;Träskända;;186 Träskända;01;25
198;Ei kotikuntaa Suomessa;Ei kotikuntaa Suomessa;198 Ei kotikuntaa Suomessa;;Ingen hemkommun i Finland;;198 Ingen hemkommun i Finland;;
199;Tuntematon;Tuntematon;199 Tuntematon;;Okända;;199 Okända;;
200;Ulkomaat;Ulkomaat;200 Ulkomaat;;Utlandet;;200 Utlandet;;
202;Kaarina;Kaarina;202 Kaarina;;S:t Karins;;202 S:t Karins;02;03
204;Kaavi;Kaavi;204 Kaavi;;Kaavi;;204 Kaavi;11;13
205;Kajaani;Kajaani;205 Kajaani;;Kajana;;205 Kajana;18;19
208;Kalajoki;Kalajoki;208 Kalajoki;;Kalajoki;;208 Kalajoki;17;18
209;Kalanti;Kalanti;209 Kalanti;;Kalanti;895;209 Kalanti;;
210;Kalvola;Kalvola;210 Kalvola;;Kalvola;109;210 Kalvola;;
211;Kangasala;Kangasala;211 Kangasala;;Kangasala;;211 Kangasala;06;06
212;Kangaslampi;Kangaslampi;212 Kangaslampi;;Kangaslampi;915;212 Kangaslampi;;
213;Kangasniemi;Kangasniemi;213 Kangasniemi;;Kangasniemi;;213 Kangasniemi;10;10
214;Kankaanpää;Kankaanpää;214 Kankaanpää;;Kankaanpää;;214 Kankaanpää;04;04
216;Kannonkoski;Kannonkoski;216 Kannonkoski;;Kannonkoski;;216 Kannonkoski;13;14
217;Kannus;Kannus;217 Kannus;;Kannus;;217 Kannus;16;17
218;Karijoki;Karijoki;218 Karijoki;;Bötom;;218 Bötom;14;15
219;Karinainen;Karinainen;219 Karinainen;;Karinainen;636;219 Karinainen;;
220;Karjaa;Karjaa;220 Karjaa;;Karis;710;220 Karis;;
223;Karjalohja;Karjalohja;223 Karjalohja;;Karislojo;444;223 Karislojo;;
224;Karkkila;Karkkila;224 Karkkila;;Högfors;;224 Högfors;01;25
226;Karstula;Karstula;226 Karstula;;Karstula;;226 Karstula;13;14
227;Karttula;Karttula;227 Karttula;;Karttula;297;227 Karttula;;
230;Karvia;Karvia;230 Karvia;;Karvia;;230 Karvia;04;04
231;Kaskinen;Kaskinen;231 Kaskinen;;Kaskö;;231 Kaskö;15;16
232;Kauhajoki;Kauhajoki;232 Kauhajoki;;Kauhajoki;;232 Kauhajoki;14;15
233;Kauhava;Kauhava;233 Kauhava;;Kauhava;;233 Kauhava;14;15
235;Kauniainen;Kauniainen;235 Kauniainen;;Grankulla;;235 Grankulla;01;25
236;Kaustinen;Kaustinen;236 Kaustinen;;Kaustby;;236 Kaustby;16;17
239;Keitele;Keitele;239 Keitele;;Keitele;;239 Keitele;11;13
240;Kemi;Kemi;240 Kemi;;Kemi;;240 Kemi;19;20
241;Keminmaa;Keminmaa;241 Keminmaa;;Keminmaa;;241 Keminmaa;19;20
243;Kemiö;Kemiö;243 Kemiö;;Kimito;322;243 Kimito;;
244;Kempele;Kempele;244 Kempele;;Kempele;;244 Kempele;17;18
245;Kerava;Kerava;245 Kerava;;Kervo;;245 Kervo;01;25
246;Kerimäki;Kerimäki;246 Kerimäki;;Kerimäki;740;246 Kerimäki;;
247;Kestilä;Kestilä;247 Kestilä;;Kestilä;791;247 Kestilä;;
248;Kesälahti;Kesälahti;248 Kesälahti;;Kesälahti;260;248 Kesälahti;;
249;Keuruu;Keuruu;249 Keuruu;;Keuruu;;249 Keuruu;13;14
250;Kihniö;Kihniö;250 Kihniö;;Kihniö;;250 Kihniö;06;06
251;Kiihtelysvaara;Kiihtelysvaara;251 Kiihtelysvaara;;Kiihtelysvaara;167;251 Kiihtelysvaara;;
252;Kiikala;Kiikala;252 Kiikala;;Kiikala;734;252 Kiikala;;
254;Kiikoinen;Kiikoinen;254 Kiikoinen;;Kiikoinen;790;254 Kiikoinen;;
255;Kiiminki;Kiiminki;255 Kiiminki;;Kiiminki;564;255 Kiiminki;;
256;Kinnula;Kinnula;256 Kinnula;;Kinnula;;256 Kinnula;13;14
257;Kirkkonummi;Kirkkonummi;257 Kirkkonummi;;Kyrkslätt;;257 Kyrkslätt;01;25
259;Kisko;Kisko;259 Kisko;;Kisko;734;259 Kisko;;
260;Kitee;Kitee;260 Kitee;;Kitee;;260 Kitee;12;12
261;Kittilä;Kittilä;261 Kittilä;;Kittilä;;261 Kittilä;19;21
262;Kiukainen;Kiukainen;262 Kiukainen;;Kiukainen;050;262 Kiukainen;;
263;Kiuruvesi;Kiuruvesi;263 Kiuruvesi;;Kiuruvesi;;263 Kiuruvesi;11;13
265;Kivijärvi;Kivijärvi;265 Kivijärvi;;Kivijärvi;;265 Kivijärvi;13;14
266;Kodisjoki;Kodisjoki;266 Kodisjoki;;Kodisjoki;684;266 Kodisjoki;;
271;Kokemäki;Kokemäki;271 Kokemäki;;Kumo;;271 Kumo;04;04
272;Kokkola;Kokkola;272 Kokkola;;Karleby;;272 Karleby;16;17
273;Kolari;Kolari;273 Kolari;;Kolari;;273 Kolari;19;21
274;Konginkangas;Konginkangas;274 Konginkangas;;Konginkangas;992;274 Konginkangas;;
275;Konnevesi;Konnevesi;275 Konnevesi;;Konnevesi;;275 Konnevesi;13;14
276;Kontiolahti;Kontiolahti;276 Kontiolahti;;Kontiolahti;;276 Kontiolahti;12;12
277;Korpilahti;Korpilahti;277 Korpilahti;;Korpilahti;179;277 Korpilahti;;
279;Korppoo;Korppoo;279 Korppoo;;Korpo;445;279 Korpo;;
280;Korsnäs;Korsnäs;280 Korsnäs;;Korsnäs;;280 Korsnäs;15;16
281;Kortesjärvi;Kortesjärvi;281 Kortesjärvi;;Kortesjärvi;233;281 Kortesjärvi;;
283;Hämeenkoski;Hämeenkoski;283 Hämeenkoski;;Hämeenkoski;098;283 Hämeenkoski;;
284;Koski Tl;Koski Tl;284 Koski Tl;;Koski Tl;;284 Koski Tl;02;03
285;Kotka;Kotka;285 Kotka;;Kotka;;285 Kotka;08;08
286;Kouvola;Kouvola;286 Kouvola;;Kouvola;;286 Kouvola;08;08
287;Kristiinankaupunki;Kristiinankaupunki;287 Kristiinankaupunki;;Kristinestad;;287 Kristinestad;15;16
288;Kruunupyy;Kruunupyy;288 Kruunupyy;;Kronoby;;288 Kronoby;15;17
289;Kuhmalahti;Kuhmalahti;289 Kuhmalahti;;Kuhmalahti;211;289 Kuhmalahti;;
290;Kuhmo;Kuhmo;290 Kuhmo;;Kuhmo;;290 Kuhmo;18;19
291;Kuhmoinen;Kuhmoinen;291 Kuhmoinen;;Kuhmoinen;;291 Kuhmoinen;13;06
292;Kuivaniemi;Kuivaniemi;292 Kuivaniemi;;Kuivaniemi;139;292 Kuivaniemi;;
293;Kullaa;Kullaa;293 Kullaa;;Kullaa;886;293 Kullaa;;
295;Kumlinge;Kumlinge;295 Kumlinge;;Kumlinge;;295 Kumlinge;21;22
297;Kuopio;Kuopio;297 Kuopio;;Kuopio;;297 Kuopio;11;13
299;Kuorevesi;Kuorevesi;299 Kuorevesi;;Kuorevesi;182;299 Kuorevesi;;
300;Kuortane;Kuortane;300 Kuortane;;Kuortane;;300 Kuortane;14;15
301;Kurikka;Kurikka;301 Kurikka;;Kurikka;;301 Kurikka;14;15
303;Kuru;Kuru;303 Kuru;;Kuru;980;303 Kuru;;
304;Kustavi;Kustavi;304 Kustavi;;Gustavs;;304 Gustavs;02;03
305;Kuusamo;Kuusamo;305 Kuusamo;;Kuusamo;;305 Kuusamo;17;18
306;Kuusankoski;Kuusankoski;306 Kuusankoski;;Kuusankoski;286;306 Kuusankoski;;
308;Kuusjoki;Kuusjoki;308 Kuusjoki;;Kuusjoki;734;308 Kuusjoki;;
309;Outokumpu;Outokumpu;309 Outokumpu;;Outokumpu;;309 Outokumpu;12;12
310;Kylmäkoski;Kylmäkoski;310 Kylmäkoski;;Kylmäkoski;020;310 Kylmäkoski;;
312;Kyyjärvi;Kyyjärvi;312 Kyyjärvi;;Kyyjärvi;;312 Kyyjärvi;13;14
315;Kälviä;Kälviä;315 Kälviä;;Kelviå;272;315 Kelviå;;
316;Kärkölä;Kärkölä;316 Kärkölä;;Kärkölä;;316 Kärkölä;07;07
317;Kärsämäki;Kärsämäki;317 Kärsämäki;;Kärsämäki;;317 Kärsämäki;17;18
318;Kökar;Kökar;318 Kökar;;Kökar;;318 Kökar;21;22
319;Köyliö;Köyliö;319 Köyliö;;Kjulo;783;319 Kjulo;;
320;Kemijärvi;Kemijärvi;320 Kemijärvi;;Kemijärvi;;320 Kemijärvi;19;21
322;Kemiönsaari;Kemiönsaari;322 Kemiönsaari;;Kimitoön;;322 Kimitoön;02;03
398;Lahti;Lahti;398 Lahti;;Lahtis;;398 Lahtis;07;07
399;Laihia;Laihia;399 Laihia;;Laihela;;399 Laihela;15;16
400;Laitila;Laitila;400 Laitila;;Laitila;;400 Laitila;02;03
401;Lammi;Lammi;401 Lammi;;Lammi;109;401 Lammi;;
402;Lapinlahti;Lapinlahti;402 Lapinlahti;;Lapinlahti;;402 Lapinlahti;11;13
403;Lappajärvi;Lappajärvi;403 Lappajärvi;;Lappajärvi;;403 Lappajärvi;14;15
405;Lappeenranta;Lappeenranta;405 Lappeenranta;;Villmanstrand;;405 Villmanstrand;09;09
406;Lappi;Lappi;406 Lappi;;Lappi;684;406 Lappi;;
407;Lapinjärvi;Lapinjärvi;407 Lapinjärvi;;Lappträsk;;407 Lappträsk;01;25
408;Lapua;Lapua;408 Lapua;;Lappo;;408 Lappo;14;15
410;Laukaa;Laukaa;410 Laukaa;;Laukaa;;410 Laukaa;13;14
413;Lavia;Lavia;413 Lavia;;Lavia;609;413 Lavia;;
414;Lehtimäki;Lehtimäki;414 Lehtimäki;;Lehtimäki;005;414 Lehtimäki;;
415;Leivonmäki;Leivonmäki;415 Leivonmäki;;Leivonmäki;172;415 Leivonmäki;;
416;Lemi;Lemi;416 Lemi;;Lemi;;416 Lemi;09;09
417;Lemland;Lemland;417 Lemland;;Lemland;;417 Lemland;21;22
418;Lempäälä;Lempäälä;418 Lempäälä;;Lempäälä;;418 Lempäälä;06;06
419;Lemu;Lemu;419 Lemu;;Lemu;481;419 Lemu;;
420;Leppävirta;Leppävirta;420 Leppävirta;;Leppävirta;;420 Leppävirta;11;13
421;Lestijärvi;Lestijärvi;421 Lestijärvi;;Lestijärvi;;421 Lestijärvi;16;17
422;Lieksa;Lieksa;422 Lieksa;;Lieksa;;422 Lieksa;12;12
423;Lieto;Lieto;423 Lieto;;Lundo;;423 Lundo;02;03
424;Liljendal;Liljendal;424 Liljendal;;Liljendal;434;424 Liljendal;;
425;Liminka;Liminka;425 Liminka;;Limingo;;425 Limingo;17;18
426;Liperi;Liperi;426 Liperi;;Liperi;;426 Liperi;12;12
427;Lohja;Lohja;427 Lohja;;Lojo;444;427 Lojo;;
428;Lohjan kunta;Lohjan kunta;428 Lohjan kunta;;Lojo kommun;444;428 Lojo kommun;;
429;Lohtaja;Lohtaja;429 Lohtaja;;Lochteå;272;429 Lochteå;;
430;Loimaa;Loimaa;430 Loimaa;;Loimaa;;430 Loimaa;02;03
431;Loimaan kunta;Loimaan kunta;431 Loimaan kunta;;Loimaa kommun;430;431 Loimaa kommun;;
433;Loppi;Loppi;433 Loppi;;Loppi;;433 Loppi;05;05
434;Loviisa;Loviisa;434 Loviisa;;Lovisa;;434 Lovisa;01;25
435;Luhanka;Luhanka;435 Luhanka;;Luhanka;;435 Luhanka;13;14
436;Lumijoki;Lumijoki;436 Lumijoki;;Lumijoki;;436 Lumijoki;17;18
438;Lumparland;Lumparland;438 Lumparland;;Lumparland;;438 Lumparland;21;22
439;Luopioinen;Luopioinen;439 Luopioinen;;Luopioinen;635;439 Luopioinen;;
440;Luoto;Luoto;440 Luoto;;Larsmo;;440 Larsmo;15;16
441;Luumäki;Luumäki;441 Luumäki;;Luumäki;;441 Luumäki;09;09
442;Luvia;Luvia;442 Luvia;;Luvia;051;442 Luvia;;
443;Längelmäki;Längelmäki;443 Längelmäki;;Längelmäki;182, 562;443 Längelmäki;;
444;Lohja;Lohja;444 Lohja;;Lojo;;444 Lojo;01;25
445;Parainen;Parainen;445 Parainen;;Pargas;;445 Pargas;02;03
475;Maalahti;Maalahti;475 Maalahti;;Malax;;475 Malax;15;16
476;Maaninka;Maaninka;476 Maaninka;;Maaninka;297;476 Maaninka;;
478;Maarianhamina;Maarianhamina;478 Maarianhamina;;Mariehamn;;478 Mariehamn;21;22
479;Maksamaa;Maksamaa;479 Maksamaa;;Maksmo;945;479 Maksmo;;
480;Marttila;Marttila;480 Marttila;;Marttila;;480 Marttila;02;03
481;Masku;Masku;481 Masku;;Masku;;481 Masku;02;03
482;Mellilä;Mellilä;482 Mellilä;;Mellilä;430;482 Mellilä;;
483;Merijärvi;Merijärvi;483 Merijärvi;;Merijärvi;;483 Merijärvi;17;18
484;Merikarvia;Merikarvia;484 Merikarvia;;Sastmola;;484 Sastmola;04;04
485;Merimasku;Merimasku;485 Merimasku;;Merimasku;529;485 Merimasku;;
489;Miehikkälä;Miehikkälä;489 Miehikkälä;;Miehikkälä;;489 Miehikkälä;08;08
490;Mietoinen;Mietoinen;490 Mietoinen;;Mietoinen;503;490 Mietoinen;;
491;Mikkeli;Mikkeli;491 Mikkeli;;S:t Michel;;491 S:t Michel;10;10
492;Mikkelin mlk;Mikkelin mlk;492 Mikkelin mlk;;S:t Michels lk;491;492 S.t Michels lk;;
493;Mouhijärvi;Mouhijärvi;493 Mouhijärvi;;Mouhijärvi;790;493 Mouhijärvi;;
494;Muhos;Muhos;494 Muhos;;Muhos;;494 Muhos;17;18
495;Multia;Multia;495 Multia;;Multia;;495 Multia;13;14
498;Muonio;Muonio;498 Muonio;;Muonio;;498 Muonio;19;21
499;Mustasaari;Mustasaari;499 Mustasaari;;Korsholm;;499 Korsholm;15;16
500;Muurame;Muurame;500 Muurame;;Muurame;;500 Muurame;13;14
501;Muurla;Muurla;501 Muurla;;Muurla;734;501 Muurla;;
503;Mynämäki;Mynämäki;503 Mynämäki;;Mynämäki;;503 Mynämäki;02;03
504;Myrskylä;Myrskylä;504 Myrskylä;;Mörskom;;504 Mörskom;01;07
505;Mäntsälä;Mäntsälä;505 Mäntsälä;;Mäntsälä;;505 Mäntsälä;01;25
506;Mänttä;Mänttä;506 Mänttä;;Mänttä;508;506 Mänttä;;
507;Mäntyharju;Mäntyharju;507 Mäntyharju;;Mäntyharju;;507 Mäntyharju;10;10
508;Mänttä-Vilppula;Mänttä-Vilppula;508 Mänttä-Vilppula;;Mänttä-Filpula;;508 Mänttä-Filpula;06;06
529;Naantali;Naantali;529 Naantali;;Nådendal;;529 Nådendal;02;03
531;Nakkila;Nakkila;531 Nakkila;;Nakkila;;531 Nakkila;04;04
532;Nastola;Nastola;532 Nastola;;Nastola;398;532 Nastola;;
533;Nauvo;Nauvo;533 Nauvo;;Nagu;445;533 Nagu;;
534;Nilsiä;Nilsiä;534 Nilsiä;;Nilsiä;297;534 Nilsiä;;
535;Nivala;Nivala;535 Nivala;;Nivala;;535 Nivala;17;18
536;Nokia;Nokia;536 Nokia;;Nokia;;536 Nokia;06;06
537;Noormarkku;Noormarkku;537 Noormarkku;;Norrmark;609;537 Norrmark;;
538;Nousiainen;Nousiainen;538 Nousiainen;;Nousis;;538 Nousis;02;03
540;Nummi-Pusula;Nummi-Pusula;540 Nummi-Pusula;;Nummi-Pusula;444;540 Nummi-Pusula;;
541;Nurmes;Nurmes;541 Nurmes;;Nurmes;;541 Nurmes;12;12
543;Nurmijärvi;Nurmijärvi;543 Nurmijärvi;;Nurmijärvi;;543 Nurmijärvi;01;25
544;Nurmo;Nurmo;544 Nurmo;;Nurmo;743;544 Nurmo;;
545;Närpiö;Närpiö;545 Närpiö;;Närpes;;545 Närpes;15;16
559;Oravainen;Oravainen;559 Oravainen;;Oravais;946;559 Oravais;;
560;Orimattila;Orimattila;560 Orimattila;;Orimattila;;560 Orimattila;07;07
561;Oripää;Oripää;561 Oripää;;Oripää;;561 Oripää;02;03
562;Orivesi;Orivesi;562 Orivesi;;Orivesi;;562 Orivesi;06;06
563;Oulainen;Oulainen;563 Oulainen;;Oulainen;;563 Oulainen;17;18
564;Oulu;Oulu;564 Oulu;;Uleåborg;;564 Uleåborg;17;18
567;Oulunsalo;Oulunsalo;567 Oulunsalo;;Oulunsalo;564;567 Oulunsalo;;
573;Parainen;Parainen;573 Parainen;;Pargas;445;573 Pargas;;
576;Padasjoki;Padasjoki;576 Padasjoki;;Padasjoki;;576 Padasjoki;07;07
577;Paimio;Paimio;577 Paimio;;Pemar;;577 Pemar;02;03
578;Paltamo;Paltamo;578 Paltamo;;Paltamo;;578 Paltamo;18;19
580;Parikkala;Parikkala;580 Parikkala;;Parikkala;;580 Parikkala;09;09
581;Parkano;Parkano;581 Parkano;;Parkano;;581 Parkano;06;06
582;Pattijoki;Pattijoki;582 Pattijoki;;Pattijoki;678;582 Pattijoki;;
583;Pelkosenniemi;Pelkosenniemi;583 Pelkosenniemi;;Pelkosenniemi;;583 Pelkosenniemi;19;21
584;Perho;Perho;584 Perho;;Perho;;584 Perho;16;17
585;Pernaja;Pernaja;585 Pernaja;;Pernå;434;585 Pernå;;
586;Perniö;Perniö;586 Perniö;;Bjärnå;734;586 Bjärnå;;
587;Pertteli;Pertteli;587 Pertteli;;Pertteli;734;587 Pertteli;;
588;Pertunmaa;Pertunmaa;588 Pertunmaa;;Pertunmaa;;588 Pertunmaa;10;10
589;Peräseinäjoki;Peräseinäjoki;589 Peräseinäjoki;;Peräseinäjoki;743;589 Peräseinäjoki;;
592;Petäjävesi;Petäjävesi;592 Petäjävesi;;Petäjävesi;;592 Petäjävesi;13;14
593;Pieksämäki;Pieksämäki;593 Pieksämäki;;Pieksämäki;;593 Pieksämäki;10;10
594;Pieksämäen mlk;Pieksämäen mlk;594 Pieksämäen mlk;;Pieksämäki lk;640;594 Pieksämäki lk;;
595;Pielavesi;Pielavesi;595 Pielavesi;;Pielavesi;;595 Pielavesi;11;13
598;Pietarsaari;Pietarsaari;598 Pietarsaari;;Jakobstad;;598 Jakobstad;15;16
599;Pedersören kunta;Pedersören kunta;599 Pedersören kunta;;Pedersöre;;599 Pedersöre;15;16
601;Pihtipudas;Pihtipudas;601 Pihtipudas;;Pihtipudas;;601 Pihtipudas;13;14
602;Piikkiö;Piikkiö;602 Piikkiö;;Pikis;202;602 Pikis;;
603;Piippola;Piippola;603 Piippola;;Piippola;791;603 Piippola;;
604;Pirkkala;Pirkkala;604 Pirkkala;;Birkala;;604 Birkala;06;06
606;Pohja;Pohja;606 Pohja;;Pojo;710;606 Pojo;;
607;Polvijärvi;Polvijärvi;607 Polvijärvi;;Polvijärvi;;607 Polvijärvi;12;12
608;Pomarkku;Pomarkku;608 Pomarkku;;Påmark;;608 Påmark;04;04
609;Pori;Pori;609 Pori;;Björneborg;;609 Björneborg;04;04
611;Pornainen;Pornainen;611 Pornainen;;Borgnäs;;611 Borgnäs;01;25
612;Porvoo;Porvoo;612 Porvoo;;Borgå;638;612 Borgå;;
613;Porvoon mlk;Porvoon mlk;613 Porvoon mlk;;Borgå lk;638;613 Borgå lk;;
614;Posio;Posio;614 Posio;;Posio;;614 Posio;19;21
615;Pudasjärvi;Pudasjärvi;615 Pudasjärvi;;Pudasjärvi;;615 Pudasjärvi;17;18
616;Pukkila;Pukkila;616 Pukkila;;Pukkila;;616 Pukkila;01;07
617;Pulkkila;Pulkkila;617 Pulkkila;;Pulkkila;791;617 Pulkkila;;
618;Punkaharju;Punkaharju;618 Punkaharju;;Punkaharju;740;618 Punkaharju;;
619;Punkalaidun;Punkalaidun;619 Punkalaidun;;Punkalaidun;;619 Punkalaidun;06;03
620;Puolanka;Puolanka;620 Puolanka;;Puolanka;;620 Puolanka;18;19
623;Puumala;Puumala;623 Puumala;;Puumala;;623 Puumala;10;10
624;Pyhtää;Pyhtää;624 Pyhtää;;Pyttis;;624 Pyttis;08;08
625;Pyhäjoki;Pyhäjoki;625 Pyhäjoki;;Pyhäjoki;;625 Pyhäjoki;17;18
626;Pyhäjärvi;Pyhäjärvi;626 Pyhäjärvi;;Pyhäjärvi;;626 Pyhäjärvi;17;18
630;Pyhäntä;Pyhäntä;630 Pyhäntä;;Pyhäntä;;630 Pyhäntä;17;18
631;Pyhäranta;Pyhäranta;631 Pyhäranta;;Pyhäranta;;631 Pyhäranta;02;03
632;Pyhäselkä;Pyhäselkä;632 Pyhäselkä;;Pyhäselkä;167;632 Pyhäselkä;;
633;Pylkönmäki;Pylkönmäki;633 Pylkönmäki;;Pylkönmäki;729;633 Pylkönmäki;;
635;Pälkäne;Pälkäne;635 Pälkäne;;Pälkäne;;635 Pälkäne;06;06
636;Pöytyä;Pöytyä;636 Pöytyä;;Pöytyä;;636 Pöytyä;02;03
638;Porvoo;Porvoo;638 Porvoo;;Borgå;;638 Borgå;01;25
640;Pieksänmaa;Pieksänmaa;640 Pieksänmaa;;Pieksänmaa;593;640 Pieksänmaa;;
678;Raahe;Raahe;678 Raahe;;Brahestad;;678 Brahestad;17;18
680;Raisio;Raisio;680 Raisio;;Reso;;680 Reso;02;03
681;Rantasalmi;Rantasalmi;681 Rantasalmi;;Rantasalmi;;681 Rantasalmi;10;11
682;Rantsila;Rantsila;682 Rantsila;;Rantsila;791;682 Rantsila;;
683;Ranua;Ranua;683 Ranua;;Ranua;;683 Ranua;19;21
684;Rauma;Rauma;684 Rauma;;Raumo;;684 Raumo;04;04
685;Rauman mlk;Rauman mlk;685 Rauman mlk;;Raumo lk;684;685 Raumo lk;;
686;Rautalampi;Rautalampi;686 Rautalampi;;Rautalampi;;686 Rautalampi;11;13
687;Rautavaara;Rautavaara;687 Rautavaara;;Rautavaara;;687 Rautavaara;11;13
689;Rautjärvi;Rautjärvi;689 Rautjärvi;;Rautjärvi;;689 Rautjärvi;09;09
691;Reisjärvi;Reisjärvi;691 Reisjärvi;;Reisjärvi;;691 Reisjärvi;17;17
692;Renko;Renko;692 Renko;;Renko;109;692 Renko;;
694;Riihimäki;Riihimäki;694 Riihimäki;;Riihimäki;;694 Riihimäki;05;05
696;Ristiina;Ristiina;696 Ristiina;;Ristiina;491;696 Ristiina;;
697;Ristijärvi;Ristijärvi;697 Ristijärvi;;Ristijärvi;;697 Ristijärvi;18;19
698;Rovaniemi;Rovaniemi;698 Rovaniemi;;Rovaniemi;;698 Rovaniemi;19;21
699;Rovaniemen mlk;Rovaniemen mlk;699 Rovaniemen mlk;;Rovaniemi lk;698;699 Rovaniemi lk;;
700;Ruokolahti;Ruokolahti;700 Ruokolahti;;Ruokolahti;;700 Ruokolahti;09;09
701;Ruotsinpyhtää;Ruotsinpyhtää;701 Ruotsinpyhtää;;Strömfors;434,624;701 Strömfors;;
702;Ruovesi;Ruovesi;702 Ruovesi;;Ruovesi;;702 Ruovesi;06;06
704;Rusko;Rusko;704 Rusko;;Rusko;;704 Rusko;02;03
705;Rymättylä;Rymättylä;705 Rymättylä;;Rimito;529;705 Rimito;;
707;Rääkkylä;Rääkkylä;707 Rääkkylä;;Rääkkylä;;707 Rääkkylä;12;12
708;Ruukki;Ruukki;708 Ruukki;;Ruukki;748;708 Ruukki;;
710;Raasepori;Raasepori;710 Raasepori;;Raseborg;;710 Raseborg;01;25
728;Saari;Saari;728 Saari;;Saari;580;728 Saari;;
729;Saarijärvi;Saarijärvi;729 Saarijärvi;;Saarijärvi;;729 Saarijärvi;13;14
730;Sahalahti;Sahalahti;730 Sahalahti;;Sahalahti;211;730 Sahalahti;;
732;Salla;Salla;732 Salla;;Salla;;732 Salla;19;21
734;Salo;Salo;734 Salo;;Salo;;734 Salo;02;03
736;Saltvik;Saltvik;736 Saltvik;;Saltvik;;736 Saltvik;21;22
737;Sammatti;Sammatti;737 Sammatti;;Sammatti;444;737 Sammatti;;
738;Sauvo;Sauvo;738 Sauvo;;Sagu;;738 Sagu;02;03
739;Savitaipale;Savitaipale;739 Savitaipale;;Savitaipale;;739 Savitaipale;09;09
740;Savonlinna;Savonlinna;740 Savonlinna;;Nyslott;;740 Nyslott;10;11
741;Savonranta;Savonranta;741 Savonranta;;Savonranta;740;741 Savonranta;;
742;Savukoski;Savukoski;742 Savukoski;;Savukoski;;742 Savukoski;19;21
743;Seinäjoki;Seinäjoki;743 Seinäjoki;;Seinäjoki;;743 Seinäjoki;14;15
746;Sievi;Sievi;746 Sievi;;Sievi;;746 Sievi;17;18
747;Siikainen;Siikainen;747 Siikainen;;Siikainen;;747 Siikainen;04;04
748;Siikajoki;Siikajoki;748 Siikajoki;;Siikajoki;;748 Siikajoki;17;18
749;Siilinjärvi;Siilinjärvi;749 Siilinjärvi;;Siilinjärvi;;749 Siilinjärvi;11;13
751;Simo;Simo;751 Simo;;Simo;;751 Simo;19;20
752;Simpele;Simpele;752 Simpele;;Simpele;689;752 Simpele;09;09
753;Sipoo;Sipoo;753 Sipoo;;Sibbo;;753 Sibbo;01;25
754;Anjalankoski;Anjalankoski;754 Anjalankoski;;Anjalankoski;286;754 Anjalankoski;;
755;Siuntio;Siuntio;755 Siuntio;;Sjundeå;;755 Sjundeå;01;25
758;Sodankylä;Sodankylä;758 Sodankylä;;Sodankylä;;758 Sodankylä;19;21
759;Soini;Soini;759 Soini;;Soini;;759 Soini;14;15
761;Somero;Somero;761 Somero;;Somero;;761 Somero;02;03
762;Sonkajärvi;Sonkajärvi;762 Sonkajärvi;;Sonkajärvi;;762 Sonkajärvi;11;13
765;Sotkamo;Sotkamo;765 Sotkamo;;Sotkamo;;765 Sotkamo;18;19
766;Sottunga;Sottunga;766 Sottunga;;Sottunga;;766 Sottunga;21;22
768;Sulkava;Sulkava;768 Sulkava;;Sulkava;;768 Sulkava;10;11
770;Sumiainen;Sumiainen;770 Sumiainen;;Sumiainen;922;770 Sumiainen;;
771;Sund;Sund;771 Sund;;Sund;;771 Sund;21;22
772;Suodenniemi;Suodenniemi;772 Suodenniemi;;Suodenniemi;912;772 Suodenniemi;;
774;Suolahti;Suolahti;774 Suolahti;;Suolahti;922;774 Suolahti;;
775;Suomenniemi;Suomenniemi;775 Suomenniemi;;Suomenniemi;491;775 Suomenniemi;;
776;Suomusjärvi;Suomusjärvi;776 Suomusjärvi;;Suomusjärvi;734;776 Suomusjärvi;;
777;Suomussalmi;Suomussalmi;777 Suomussalmi;;Suomussalmi;;777 Suomussalmi;18;19
778;Suonenjoki;Suonenjoki;778 Suonenjoki;;Suonenjoki;;778 Suonenjoki;11;13
781;Sysmä;Sysmä;781 Sysmä;;Sysmä;;781 Sysmä;07;07
783;Säkylä;Säkylä;783 Säkylä;;Säkylä;;783 Säkylä;04;04
784;Särkisalo;Särkisalo;784 Särkisalo;;Finby;734;784 Finby;;
785;Vaala;Vaala;785 Vaala;;Vaala;;785 Vaala;17;18
787;Säynätsalo;Säynätsalo;787 Säynätsalo;;Säynätsalo;179;787 Säynätsalo;;
790;Sastamala;Sastamala;790 Sastamala;;Sastamala;;790 Sastamala;06;06
791;Siikalatva;Siikalatva;791 Siikalatva;;Siikalatva;;791 Siikalatva;17;18
831;Taipalsaari;Taipalsaari;831 Taipalsaari;;Taipalsaari;;831 Taipalsaari;09;09
832;Taivalkoski;Taivalkoski;832 Taivalkoski;;Taivalkoski;;832 Taivalkoski;17;18
833;Taivassalo;Taivassalo;833 Taivassalo;;Tövsala;;833 Tövsala;02;03
834;Tammela;Tammela;834 Tammela;;Tammela;;834 Tammela;05;05
835;Tammisaari;Tammisaari;835 Tammisaari;;Ekenäs;710;835 Ekenäs;;
837;Tampere;Tampere;837 Tampere;;Tammerfors;;837 Tammerfors;06;06
838;Tarvasjoki;Tarvasjoki;838 Tarvasjoki;;Tarvasjoki;423;838 Tarvasjoki;;
841;Temmes;Temmes;841 Temmes;;Temmes;859;841 Temmes;;
842;Tenhola;Tenhola;842 Tenhola;;Tenhola;835;842 Tenhola;;
844;Tervo;Tervo;844 Tervo;;Tervo;;844 Tervo;11;13
845;Tervola;Tervola;845 Tervola;;Tervola;;845 Tervola;19;20
846;Teuva;Teuva;846 Teuva;;Östermark;;846 Östermark;14;15
848;Tohmajärvi;Tohmajärvi;848 Tohmajärvi;;Tohmajärvi;;848 Tohmajärvi;12;12
849;Toholampi;Toholampi;849 Toholampi;;Toholampi;;849 Toholampi;16;17
850;Toivakka;Toivakka;850 Toivakka;;Toivakka;;850 Toivakka;13;14
851;Tornio;Tornio;851 Tornio;;Torneå;;851 Torneå;19;20
853;Turku;Turku;853 Turku;;Åbo;;853 Åbo;02;03
854;Pello;Pello;854 Pello;;Pello;;854 Pello;19;21
855;Tuulos;Tuulos;855 Tuulos;;Tuulos;109;855 Tuulos;;
856;Tuupovaara;Tuupovaara;856 Tuupovaara;;Tuupovaara;167;856 Tuupovaara;;
857;Tuusniemi;Tuusniemi;857 Tuusniemi;;Tuusniemi;;857 Tuusniemi;11;13
858;Tuusula;Tuusula;858 Tuusula;;Tusby;;858 Tusby;01;25
859;Tyrnävä;Tyrnävä;859 Tyrnävä;;Tyrnävä;;859 Tyrnävä;17;18
863;Töysä;Töysä;863 Töysä;;Töysä;010;863 Töysä;;
864;Toijala;Toijala;864 Toijala;;Toijala;020;864 Toijala;;
885;Ullava;Ullava;885 Ullava;;Ullava;272;885 Ullava;;
886;Ulvila;Ulvila;886 Ulvila;;Ulvsby;;886 Ulvsby;04;04
887;Urjala;Urjala;887 Urjala;;Urjala;;887 Urjala;06;06
889;Utajärvi;Utajärvi;889 Utajärvi;;Utajärvi;;889 Utajärvi;17;18
890;Utsjoki;Utsjoki;890 Utsjoki;;Utsjoki;;890 Utsjoki;19;21
891;Uukuniemi;Uukuniemi;891 Uukuniemi;;Uukuniemi;580;891 Uukuniemi;;
892;Uurainen;Uurainen;892 Uurainen;;Uurainen;;892 Uurainen;13;14
893;Uusikaarlepyy;Uusikaarlepyy;893 Uusikaarlepyy;;Nykarleby;;893 Nykarleby;15;16
895;Uusikaupunki;Uusikaupunki;895 Uusikaupunki;;Nystad;;895 Nystad;02;03
905;Vaasa;Vaasa;905 Vaasa;;Vasa;;905 Vasa;15;16
906;Vahto;Vahto;906 Vahto;;Vahto;704;906 Vahto;;
908;Valkeakoski;Valkeakoski;908 Valkeakoski;;Valkeakoski;;908 Valkeakoski;06;06
909;Valkeala;Valkeala;909 Valkeala;;Valkeala;286;909 Valkeala;;
911;Valtimo;Valtimo;911 Valtimo;;Valtimo;541;911 Valtimo;12;12
912;Vammala;Vammala;912 Vammala;;Vammala;790;912 Vammala;;
913;Vampula;Vampula;913 Vampula;;Vampula;102;913 Vampula;;
915;Varkaus;Varkaus;915 Varkaus;;Varkaus;;915 Varkaus;11;13
916;Varpaisjärvi;Varpaisjärvi;916 Varpaisjärvi;;Varpaisjärvi;402;916 Varpaisjärvi;;
917;Vehkalahti;Vehkalahti;917 Vehkalahti;;Vehkalahti;075;917 Vehkalahti;;
918;Vehmaa;Vehmaa;918 Vehmaa;;Vehmaa;;918 Vehmaa;02;03
919;Vehmersalmi;Vehmersalmi;919 Vehmersalmi;;Vehmersalmi;297;919 Vehmersalmi;;
920;Velkua;Velkua;920 Velkua;;Velkua;529;920 Velkua;;
921;Vesanto;Vesanto;921 Vesanto;;Vesanto;;921 Vesanto;11;13
922;Vesilahti;Vesilahti;922 Vesilahti;;Vesilahti;;922 Vesilahti;06;06
923;Västanfjärd;Västanfjärd;923 Västanfjärd;;Västanfjärd;322;923 Västanfjärd;;
924;Veteli;Veteli;924 Veteli;;Vetil;;924 Vetil;16;17
925;Vieremä;Vieremä;925 Vieremä;;Vieremä;;925 Vieremä;11;13
926;Vihanti;Vihanti;926 Vihanti;;Vihanti;678;926 Vihanti;;
927;Vihti;Vihti;927 Vihti;;Vichtis;;927 Vichtis;01;25
928;Viiala;Viiala;928 Viiala;;Viiala;020;928 Viiala;;
931;Viitasaari;Viitasaari;931 Viitasaari;;Viitasaari;;931 Viitasaari;13;14
932;Viljakkala;Viljakkala;932 Viljakkala;;Viljakkala;980;932 Viljakkala;;
933;Vilppula;Vilppula;933 Vilppula;;Vilppula;508;933 Vilppula;;
934;Vimpeli;Vimpeli;934 Vimpeli;;Vimpeli;;934 Vimpeli;14;15
935;Virolahti;Virolahti;935 Virolahti;;Virolahti;;935 Virolahti;08;08
936;Virrat;Virrat;936 Virrat;;Virdois;;936 Virdois;06;06
937;Virtasalmi;Virtasalmi;937 Virtasalmi;;Virtasalmi;640;937 Virtasalmi;;
940;Vuolijoki;Vuolijoki;940 Vuolijoki;;Vuolijoki;205;940 Vuolijoki;;
941;Vårdö;Vårdö;941 Vårdö;;Vårdö;;941 Vårdö;21;22
942;Vähäkyrö;Vähäkyrö;942 Vähäkyrö;;Lillkyro;905;942 Lillkyro;;
943;Värtsilä;Värtsilä;943 Värtsilä;;Värtsilä;848;943 Värtsilä;;
944;Vöyri;Vöyri;944 Vöyri;;Vöyri;945;944 Vöyri;;
945;Vöyri-Maksamaa;Vöyri-Maksamaa;945 Vöyri-Maksamaa;;Vörå-Maxmo;946;945 Vörå-Maxmo;;
946;Vöyri;Vöyri;946 Vöyri;;Vörå;;946 Vörå;15;16
971;Ylihärmä;Ylihärmä;971 Ylihärmä;;Ylihärmä;233;971 Ylihärmä;;
972;Yli-Ii;Yli-Ii;972 Yli-Ii;;Yli-Ii;564;972 Yli-Ii;;
973;Ylikiiminki;Ylikiiminki;973 Ylikiiminki;;Ylikiiminki;564;973 Ylikiiminki;;
975;Ylistaro;Ylistaro;975 Ylistaro;;Ylistaro;743;975 Ylistaro;;
976;Ylitornio;Ylitornio;976 Ylitornio;;Övertorneå;;976 Övertorneå;19;20
977;Ylivieska;Ylivieska;977 Ylivieska;;Ylivieska;;977 Ylivieska;17;18
978;Ylämaa;Ylämaa;978 Ylämaa;;Ylämaa;405;978 Ylämaa;;
979;Yläne;Yläne;979 Yläne;;Yläne;636;979 Yläne;;
980;Ylöjärvi;Ylöjärvi;980 Ylöjärvi;;Ylöjärvi;;980 Ylöjärvi;06;06
981;Ypäjä;Ypäjä;981 Ypäjä;;Ypäjä;;981 Ypäjä;05;05
988;Äetsä;Äetsä;988 Äetsä;;Äetsä;790;988 Äetsä;;
989;Ähtäri;Ähtäri;989 Ähtäri;;Etseri;;989 Etseri;14;15
992;Äänekoski;Äänekoski;992 Äänekoski;;Äänekoski;;992 Äänekoski;13;14
